{
  "alpha": 0.5,
  "n_clients": 5,
  "test_auc": 0.6176354342911636,
  "per_client": {
    "0": 0.7566507791637088,
    "1": 0.7048564537366329,
    "2": 0.6107032987359411,
    "3": 0.6458973008000097,
    "4": 0.6272802998750521
  },
  "round_aucs": []
}