{
  "medoid_index_class0": 24711,
  "medoid_index_class1": 27486,
  "centroid_norm_class0": 5.783706188201904,
  "centroid_norm_class1": 5.891862869262695,
  "medoid_norm_class0": 6.551908016204834,
  "medoid_norm_class1": 6.850901126861572,
  "centroid_medoid_dist_class0": 2.0869667530059814,
  "centroid_medoid_dist_class1": 1.9525830745697021
}